155.81893920898438,241.9593505859375,178.63912963867188,307.499267578125
547.8861694335938,252.13104248046875,642.8493041992188,334.4770202636719
285.8003234863281,240.94569396972656,315.352783203125,326.62432861328125
284.7582092285156,240.71763610839844,315.65643310546875,325.11077880859375
285.41400146484375,236.89154052734375,314.4517517089844,321.286376953125
284.0568542480469,237.41598510742188,314.88720703125,319.57958984375
156.41563415527344,234.96482849121094,178.31820678710938,300.63623046875
157.72340393066406,234.59625244140625,177.6571044921875,300.2173156738281
157.3225860595703,232.64407348632812,176.41014099121094,298.68756103515625
546.6552124023438,241.7168731689453,639.5053100585938,325.0446472167969
157.7559356689453,230.58355712890625,177.62977600097656,295.8229675292969
157.9193572998047,228.81283569335938,180.1710968017578,295.1191101074219
549.8174438476562,240.2016143798828,641.9328002929688,321.04150390625
550.27783203125,239.3606414794922,641.0763549804688,321.69183349609375
549.9276733398438,239.0876007080078,640.3943481445312,320.94366455078125
550.5679931640625,237.17860412597656,639.4671630859375,320.12835693359375
549.5775756835938,237.35299682617188,641.8072509765625,321.54559326171875
158.22598266601562,224.6501922607422,180.74974060058594,291.13720703125
548.7059326171875,235.46388244628906,637.3157348632812,318.989501953125
548.8710327148438,235.3784942626953,638.2342529296875,319.2919006347656
548.28955078125,235.89256286621094,639.93408203125,320.1408996582031
547.8565673828125,234.95407104492188,637.0376586914062,318.82879638671875
159.743896484375,220.68804931640625,181.61654663085938,287.9111633300781
271.5582580566406,221.30426025390625,301.2783508300781,306.0353698730469
548.3746948242188,236.61868286132812,637.7120361328125,318.9562683105469
547.4329223632812,236.96388244628906,642.004150390625,329.05352783203125
550.89990234375,241.48013305664062,643.8037719726562,332.1356506347656
551.6138305664062,249.29615783691406,641.150146484375,336.8143310546875
550.8421630859375,249.58660888671875,643.4585571289062,336.6175537109375
551.9361572265625,252.12855529785156,647.8020629882812,342.1752624511719
160.7517852783203,250.38555908203125,184.12118530273438,317.0748291015625
271.49798583984375,253.31224060058594,299.0572204589844,331.94256591796875
550.0630493164062,250.57249450683594,633.8729858398438,346.9434509277344
271.7837829589844,251.47616577148438,300.7479553222656,331.9822692871094
268.2491149902344,251.19622802734375,297.1792907714844,330.1872253417969
517.59375,253.91482543945312,613.721435546875,340.8786926269531
514.6200561523438,253.48135375976562,614.2620849609375,341.0246276855469
143.2534637451172,245.3357391357422,165.22384643554688,311.2211608886719
544.931396484375,250.59852600097656,638.8099365234375,337.12451171875
531.6351318359375,247.62335205078125,630.9985961914062,338.1021728515625
143.4358673095703,242.21876525878906,167.20419311523438,309.754638671875
524.9812622070312,251.97906494140625,626.1629638671875,336.7829284667969
526.2791748046875,251.07489013671875,624.3951416015625,335.86346435546875
143.960205078125,242.36996459960938,167.7761688232422,307.6551513671875
526.6517333984375,250.41258239746094,623.7686767578125,336.7214050292969
522.5305786132812,250.16281127929688,623.5739135742188,334.8265075683594
144.0741729736328,242.7972412109375,166.17698669433594,307.4269104003906
785.34375,238.48533630371094,818.4024047851562,356.6087646484375
521.74267578125,247.34994506835938,614.620849609375,335.2633972167969
516.4609375,248.0512237548828,614.052734375,335.07330322265625
769.3993530273438,235.90341186523438,802.0834350585938,354.0977783203125
510.6915283203125,247.18589782714844,608.0416259765625,333.8011779785156
495.5989990234375,244.14920043945312,599.1236572265625,333.0230712890625
492.7640686035156,249.12069702148438,596.5274658203125,331.7528381347656
492.49078369140625,246.28147888183594,590.1815185546875,334.16107177734375
490.36383056640625,245.2867889404297,585.9560546875,333.87066650390625
491.9066467285156,242.7633819580078,581.7603149414062,332.6793212890625
194.15284729003906,242.1602020263672,221.3580780029297,321.7213439941406
484.7967224121094,246.27276611328125,575.1532592773438,333.11395263671875
186.49374389648438,238.19216918945312,214.2030487060547,320.38360595703125
730.6541748046875,236.4080810546875,764.275634765625,347.6034851074219
176.86978149414062,238.22877502441406,205.78939819335938,316.7484130859375
465.728759765625,236.05401611328125,560.5509033203125,326.26544189453125
465.46142578125,235.1147918701172,557.4109497070312,322.35101318359375
466.83941650390625,233.21218872070312,558.791259765625,323.8987121582031
168.98138427734375,227.62564086914062,202.57028198242188,308.9565124511719
168.68209838867188,227.33114624023438,202.7609100341797,307.87457275390625
173.80615234375,226.68243408203125,204.94338989257812,305.7847900390625
485.6151123046875,234.95401000976562,574.2074584960938,320.80419921875
175.26182556152344,226.9028778076172,206.8130645751953,305.869873046875
484.0972900390625,233.41726684570312,572.2567749023438,319.8482971191406
172.23468017578125,226.1012420654297,203.77232360839844,305.9405517578125
168.8113250732422,224.7413330078125,203.8446044921875,305.4444885253906
168.28915405273438,224.6063690185547,204.30081176757812,306.24542236328125
167.51976013183594,221.89881896972656,204.665283203125,302.926025390625
167.13671875,223.13235473632812,203.23248291015625,301.56024169921875
165.76406860351562,220.1974639892578,202.6245880126953,302.84521484375
465.53179931640625,218.50433349609375,563.7271118164062,316.98101806640625
463.66607666015625,215.62741088867188,564.1796264648438,314.23199462890625
461.3814392089844,216.66944885253906,559.4497680664062,311.630615234375
456.0503234863281,211.78990173339844,562.725830078125,306.4406433105469
457.59368896484375,210.70433044433594,560.693359375,303.25262451171875
459.3114013671875,208.25311279296875,561.48095703125,302.4996643066406
457.074951171875,198.7854461669922,559.02587890625,300.1421203613281
451.678955078125,195.20643615722656,560.1447143554688,299.7735290527344
451.3849182128906,195.2867431640625,560.0684204101562,299.5999755859375
723.2081909179688,199.18019104003906,753.9608764648438,328.8491516113281
455.2119445800781,191.14137268066406,560.260009765625,299.48663330078125
455.83917236328125,188.67282104492188,574.7849731445312,300.6402282714844
475.67254638671875,192.2725372314453,579.8532104492188,296.41021728515625
456.7316589355469,186.51902770996094,575.0242309570312,299.7694396972656
454.1656188964844,178.1959991455078,578.2560424804688,294.56439208984375
471.84173583984375,181.93373107910156,579.6725463867188,289.3131103515625
454.35638427734375,185.2172393798828,577.0225830078125,299.9444274902344
469.06463623046875,182.94593811035156,581.4120483398438,303.1596984863281
471.6095886230469,180.70298767089844,582.546630859375,295.20465087890625
473.88665771484375,188.95985412597656,580.922607421875,303.5585021972656
474.2781066894531,196.03944396972656,583.736572265625,305.55169677734375
477.3315124511719,197.7012939453125,587.3801879882812,314.26715087890625
478.2188415527344,221.00808715820312,589.3511962890625,329.1947326660156
484.783447265625,224.56015014648438,589.2089233398438,334.7752380371094
482.61279296875,227.3509979248047,592.8224487304688,344.0230407714844
484.54608154296875,239.0757293701172,595.1653442382812,362.5909729003906
486.9322509765625,255.1872100830078,595.0768432617188,365.2795715332031
486.5585632324219,260.5789794921875,596.0533447265625,368.8152160644531
490.990966796875,263.3774719238281,605.0064697265625,383.1642761230469
495.67486572265625,275.49407958984375,606.8031005859375,395.2316589355469
496.4928283691406,284.72052001953125,606.8714599609375,398.1227722167969
495.1815490722656,290.7431640625,608.0523681640625,398.45526123046875
493.7044677734375,293.7947082519531,609.558349609375,399.5050354003906
502.2481384277344,297.7966613769531,619.515625,406.83306884765625
310.3818664550781,80.9822998046875,833.244140625,416.8955993652344
505.02679443359375,305.89813232421875,623.3265991210938,427.9359436035156
509.0785217285156,316.27294921875,623.7138671875,431.98150634765625
512.0709838867188,323.0472412109375,626.5235595703125,432.8097229003906
520.1416015625,328.0921936035156,630.9498901367188,433.7492980957031
522.7922973632812,328.3495788574219,640.015625,438.4682922363281
523.8677368164062,329.7546691894531,640.3986206054688,444.6878662109375
521.9480590820312,334.8203430175781,641.88671875,452.1920166015625
522.4444580078125,337.0791015625,642.9610595703125,459.11541748046875
521.4985961914062,334.8851623535156,641.6558837890625,463.6298828125
523.6617431640625,336.3567810058594,641.19384765625,464.0216064453125
524.4077758789062,337.4894104003906,643.0880737304688,465.5882568359375
524.71630859375,340.06195068359375,644.2051391601562,462.66278076171875
522.2168579101562,340.49542236328125,643.916259765625,462.7162780761719
521.6295166015625,344.9864807128906,644.7299194335938,464.629638671875
520.2125854492188,345.6730041503906,645.5433959960938,464.43316650390625
518.6165771484375,346.45086669921875,645.3416748046875,464.9486389160156
517.8848266601562,347.039306640625,645.0572509765625,464.6731262207031
513.4088134765625,349.33331298828125,644.2247924804688,462.9821472167969
517.6527709960938,342.8288269042969,640.2042846679688,459.0223693847656
512.5806884765625,348.696044921875,644.8392944335938,463.4830627441406
512.94384765625,348.9132080078125,643.9276733398438,464.53656005859375
514.6336669921875,354.52545166015625,643.526123046875,464.54351806640625
517.0892944335938,366.4963684082031,641.0728759765625,465.76165771484375
148.7576446533203,54.42228317260742,835.6609497070312,463.2681884765625
511.73809814453125,370.1769714355469,639.8157958984375,471.4936218261719
512.4345703125,371.8329162597656,639.3754272460938,472.876220703125
127.88614654541016,56.13780212402344,830.6038208007812,445.2002868652344
510.9524841308594,372.68963623046875,638.0452880859375,471.064453125
513.0831298828125,376.3711853027344,643.25048828125,473.2693786621094
510.511962890625,378.4587097167969,643.7166748046875,473.37432861328125
303.20538330078125,63.442649841308594,824.1101684570312,458.2574462890625
506.9534606933594,384.1717834472656,642.5643920898438,473.2830810546875
508.4787902832031,384.7206115722656,641.8484497070312,474.5185546875
48.112648010253906,83.21519470214844,809.6195678710938,428.56072998046875
273.603271484375,57.14889907836914,834.8782348632812,455.6871643066406
509.9056396484375,384.0409851074219,647.0103149414062,473.9480285644531
127.6845932006836,43.958431243896484,831.5418701171875,442.4726867675781
129.91033935546875,33.76374435424805,844.370849609375,445.7727355957031
538.4578247070312,399.7254638671875,671.9381103515625,478.4928894042969
544.5720825195312,413.9981689453125,675.693603515625,475.4273376464844
541.2406005859375,422.8727722167969,676.2120361328125,480.0
85.96017456054688,12.439464569091797,848.0,480.0
563.8895263671875,435.47802734375,666.4194946289062,479.72747802734375
40.45000457763672,41.345096588134766,821.8197631835938,474.8412170410156
565.7835083007812,442.3442077636719,661.916259765625,480.0
561.6629028320312,446.5713806152344,665.5052490234375,480.0
59.02095031738281,53.94770431518555,816.3201904296875,447.2391357421875
87.9088363647461,46.19045639038086,848.0,460.26336669921875
118.58483123779297,23.911035537719727,848.0,464.3081359863281
54.48470687866211,36.671390533447266,805.9258422851562,461.162841796875
93.60475158691406,16.953731536865234,848.0,475.6893615722656
52.49822235107422,35.994075775146484,818.4165649414062,460.43414306640625
10.856884956359863,92.3604965209961,721.2779541015625,480.0
49.2794075012207,36.8497428894043,828.5115356445312,462.6680603027344
313.29083251953125,31.90545654296875,838.1956787109375,480.0
30.441089630126953,98.96272277832031,824.8742065429688,473.1882019042969
116.59666442871094,23.211326599121094,848.0,469.2008056640625
88.33219909667969,24.603055953979492,830.16552734375,471.7333984375
60.06774139404297,25.99478530883789,812.3309936523438,474.2660217285156
119.83625793457031,12.835237503051758,846.8006591796875,466.9313659667969
51.64804458618164,0.0,818.2827758789062,468.40191650390625
243.0963592529297,0.0,826.2373046875,462.8142395019531
68.08242797851562,38.52283477783203,787.5316162109375,463.8326721191406
277.8859558105469,0.0,818.0592041015625,473.8513488769531
55.540767669677734,5.9141387939453125,817.3592529296875,472.11822509765625
60.33586120605469,0.0,795.5108032226562,480.0
46.5771484375,22.859861373901367,821.131103515625,456.7002258300781
135.0647735595703,0.0,829.302978515625,473.4945068359375
31.48859405517578,7.612613201141357,835.8523559570312,445.5368347167969
47.532955169677734,0.0,806.0711059570312,454.7756042480469
139.32447814941406,0.0,824.5181274414062,408.87359619140625
335.5380859375,0.0,784.6703491210938,362.15673828125
221.0808868408203,0.0,770.1338500976562,370.0943603515625
58.68822479248047,0.0,805.2874755859375,395.7655944824219
139.833251953125,0.0,820.9174194335938,410.6319274902344
135.11109924316406,0.0,847.1187744140625,392.11480712890625
42.7672233581543,0.0,811.9413452148438,383.0295104980469
53.862525939941406,0.0,805.0696411132812,379.0571594238281
141.4658203125,0.0,830.1860961914062,362.8537292480469
250.41151428222656,0.0,721.386474609375,346.17547607421875
207.70970153808594,0.0,646.5403442382812,327.40399169921875
227.50686645507812,0.0,634.46533203125,324.0992126464844
226.70526123046875,0.0,635.340576171875,326.43389892578125
441.1622619628906,273.291015625,496.52587890625,421.5505676269531
270.13916015625,0.0,694.5765380859375,342.5140380859375
447.7259216308594,289.4168701171875,503.11279296875,433.6990966796875
452.5507507324219,288.72528076171875,507.9216613769531,434.5926208496094
452.8954772949219,287.6126708984375,507.1996154785156,427.72430419921875
297.11273193359375,0.0,647.763671875,334.9583435058594
465.1310119628906,292.9934387207031,521.1845092773438,441.736328125
471.34881591796875,296.9880676269531,529.099609375,450.1583557128906
479.02130126953125,311.0267639160156,533.2343139648438,457.77880859375
338.05267333984375,4.607751846313477,765.1906127929688,322.0521545410156
353.67724609375,0.0,765.610595703125,333.763671875
335.8494873046875,0.0,792.916015625,331.4496765136719
371.678466796875,0.0,768.8993530273438,360.6661682128906
500.253173828125,413.41876220703125,551.5358276367188,480.0
517.1949462890625,432.64093017578125,564.3138427734375,480.0
537.4976196289062,435.09869384765625,584.8713989257812,480.0
537.9881591796875,434.22943115234375,586.0697021484375,480.0
521.8136596679688,433.1695251464844,570.5703735351562,480.0
507.0309143066406,436.5983581542969,555.9296264648438,480.0
352.72015380859375,0.0,773.6890869140625,409.47314453125
524.488037109375,438.1642761230469,571.3941650390625,480.0
529.4353637695312,437.19140625,576.739013671875,480.0
346.7309265136719,9.641416549682617,781.710693359375,424.85113525390625
342.9208984375,0.0,761.62939453125,420.1582336425781
341.388427734375,0.0,784.9710693359375,416.2235107421875
341.7638244628906,0.0,783.20947265625,418.1475830078125
342.1391906738281,0.0,781.4478759765625,420.0716552734375
342.51458740234375,0.0,779.686279296875,421.9957580566406
342.88995361328125,0.0,777.9246826171875,423.9198303222656
343.2653503417969,0.0,776.1630859375,425.8439025878906
343.6407165527344,0.0,774.4014892578125,427.7679748535156
344.01611328125,0.0,772.639892578125,429.69207763671875
344.3914794921875,0.0,770.8782958984375,431.61614990234375
344.7668762207031,0.0,769.11669921875,433.54022216796875
349.18707275390625,0.0,766.0918579101562,439.43646240234375
353.6072692871094,0.0,763.0670166015625,445.3327331542969
344.1822204589844,0.0,751.5835571289062,450.3712463378906
334.75714111328125,0.0,740.10009765625,455.4097900390625
325.33209228515625,0.0,728.6165771484375,460.44830322265625
315.9070129394531,0.0,717.1331176757812,465.4868469238281
306.4819641113281,0.0,705.649658203125,470.5253601074219
317.60919189453125,0.0,725.23193359375,472.8940124511719
328.7364501953125,0.0,744.814208984375,475.2626953125
339.8636779785156,0.0,764.3965454101562,477.63134765625
350.99090576171875,0.0,783.9788208007812,480.0
257.6099853515625,0.0,786.76416015625,479.83624267578125
164.22906494140625,0.0,789.5494995117188,479.6725158691406
70.84813690185547,0.0,792.3348388671875,479.5087585449219
299.9283142089844,11.74555492401123,682.7461547851562,480.0
301.6474304199219,0.0,702.0266723632812,475.14990234375
311.69287109375,6.16184663772583,697.740478515625,473.5920715332031
321.7383117675781,12.32369327545166,693.4542846679688,472.03424072265625
327.552001953125,14.812810897827148,694.0604248046875,475.4084777832031
333.36566162109375,17.301929473876953,694.6665649414062,478.78271484375
354.67596435546875,13.222697257995605,708.5585327148438,479.391357421875
375.9862365722656,9.143465042114258,722.4505004882812,480.0
356.28424072265625,0.0,655.7213134765625,480.0
322.3982849121094,0.0,683.5448608398438,480.0
339.3912353515625,38.29682922363281,666.4169311523438,480.0
317.7719421386719,4.199069976806641,665.478271484375,480.0
303.2142028808594,5.322081089019775,683.435546875,480.0
343.01641845703125,50.81061935424805,635.8258056640625,478.8649597167969
304.5426330566406,6.661718845367432,688.3016357421875,480.0
322.0334777832031,6.470643997192383,672.725341796875,468.403564453125
339.5243225097656,6.279569149017334,657.1490478515625,456.8070983886719
339.17926025390625,3.139784574508667,651.3641357421875,457.0141296386719
338.83416748046875,0.0,645.5792846679688,457.2211608886719
338.22723388671875,7.117922306060791,638.692138671875,444.3653259277344
337.6203308105469,14.235844612121582,631.8050537109375,431.509521484375
337.0133972167969,21.35376739501953,624.9179077148438,418.6536865234375
194.9444580078125,0.0,668.7405395507812,413.888916015625
331.1668701171875,27.197206497192383,639.1048583984375,405.44512939453125
713.99462890625,449.20001220703125,748.7039794921875,480.0
332.1612854003906,0.0,670.8526000976562,391.1064147949219
334.14178466796875,2.1585869789123535,638.9384765625,389.4942626953125
360.5022277832031,11.772895812988281,641.2881469726562,376.8895568847656
732.3176879882812,430.7694396972656,771.8563842773438,480.0
347.293701171875,0.0,640.6163940429688,378.9815368652344
340.7548828125,0.051586735993623734,640.5086669921875,386.65045166015625
317.49786376953125,0.0,649.684814453125,386.6953125
372.8732604980469,72.3698959350586,563.9398193359375,370.66326904296875
136.96096801757812,0.0,696.6317749023438,377.0250549316406
318.5838317871094,0.0,660.5052490234375,383.500244140625
759.0271606445312,429.28900146484375,795.5269165039062,480.0
350.2476501464844,10.732778549194336,651.984130859375,370.6597595214844
355.0406188964844,7.1675238609313965,639.4177856445312,378.33294677734375
342.0277404785156,0.0,653.7797241210938,369.58599853515625
350.6991882324219,11.310372352600098,611.2420043945312,371.123046875
262.13836669921875,0.0,609.2235107421875,360.9068603515625
351.12176513671875,74.22724914550781,528.661376953125,364.4475402832031
754.351806640625,428.3113098144531,795.8917846679688,480.0
326.8748474121094,6.5938334465026855,614.9454956054688,371.04498291015625
756.639892578125,428.971923828125,798.3270874023438,479.8226013183594
293.0966491699219,15.45952033996582,595.3157958984375,363.9053039550781
766.0531616210938,427.93792724609375,808.63134765625,480.0
310.6463928222656,13.843503952026367,582.9443969726562,359.5439758300781
762.85693359375,428.7169189453125,797.5425415039062,480.0
247.35659790039062,10.205946922302246,591.144287109375,352.16009521484375
317.3495178222656,89.99285125732422,492.53875732421875,353.758544921875
275.6690368652344,9.356452941894531,576.8954467773438,364.8873596191406
291.43267822265625,7.6785078048706055,562.279296875,356.4868469238281
264.4650573730469,7.499828338623047,579.7374877929688,366.5112609863281
270.0750732421875,14.340941429138184,557.7777099609375,352.9279479980469
281.67535400390625,11.264213562011719,560.8635864257812,363.97808837890625
291.9187316894531,16.97099494934082,560.1863403320312,356.01068115234375
295.6005554199219,12.200799942016602,551.1446533203125,369.3348388671875
269.84185791015625,24.222064971923828,569.0031127929688,363.29766845703125
292.7742919921875,23.340347290039062,577.8797607421875,368.49700927734375
233.47958374023438,13.38059139251709,578.7291259765625,363.954833984375
289.4709167480469,21.83629035949707,574.037841796875,371.9919128417969
319.4216613769531,98.9184341430664,504.7330322265625,356.7260437011719
283.3229675292969,14.998505592346191,568.3165893554688,360.7861022949219
276.9197082519531,15.42570972442627,577.8222045898438,356.8491516113281
286.204345703125,8.7464017868042,550.795654296875,355.02655029296875
263.28619384765625,0.0,579.8401489257812,360.7337951660156
285.90985107421875,3.1843340396881104,539.77392578125,352.4140930175781
715.4063720703125,446.66070556640625,732.2046508789062,478.70440673828125
220.42823791503906,9.469751358032227,532.5940551757812,342.8133239746094
715.7429809570312,443.10870361328125,735.7969970703125,480.0
314.59075927734375,96.30503845214844,446.656982421875,355.1738586425781
314.6377868652344,97.87129974365234,446.39813232421875,350.5995788574219
316.81402587890625,97.9165267944336,443.8831787109375,346.8888244628906
311.4990234375,3.5966079235076904,524.0206909179688,348.92236328125
319.4042053222656,80.11302185058594,481.3333740234375,346.63519287109375
294.38189697265625,0.0,543.42529296875,324.451171875
335.2828369140625,63.878578186035156,481.1004638671875,336.64544677734375
329.8027648925781,38.35966110229492,475.2098083496094,336.50445556640625
339.8836975097656,63.58356857299805,487.9308776855469,330.7115173339844
348.7450256347656,111.7054443359375,465.8440246582031,331.18902587890625
356.4003601074219,39.282203674316406,515.5774536132812,346.7629089355469
228.5363311767578,5.011922836303711,603.6265869140625,320.28472900390625
360.6110534667969,42.619991302490234,523.8302612304688,340.4162292480469
383.3059387207031,440.7353210449219,396.85150146484375,480.0
368.5197448730469,54.22596740722656,510.9833679199219,326.4607238769531
157.61904907226562,445.3851623535156,177.99806213378906,479.48162841796875
409.6181640625,439.8630676269531,423.0634460449219,475.95281982421875
363.1756286621094,50.49028778076172,507.6144714355469,326.7408447265625
0.2299007922410965,428.8894348144531,41.38814163208008,480.0
359.19488525390625,46.3363037109375,507.6824645996094,328.9622497558594
356.3871765136719,56.41225051879883,505.18896484375,319.9010925292969
360.85430908203125,54.3972282409668,505.94488525390625,324.6559753417969
472.9994201660156,427.4176940917969,487.38287353515625,464.4913330078125
361.14697265625,53.20661163330078,501.0082092285156,323.18255615234375
346.0570983886719,426.20648193359375,379.02215576171875,480.0
359.9818420410156,126.2623291015625,478.4657897949219,311.1636657714844
86.72187042236328,418.27215576171875,134.89410400390625,480.0
99.26658630371094,417.9487609863281,145.091796875,480.0
153.1018524169922,4.077311992645264,670.0874633789062,302.9228515625
371.4130554199219,419.02435302734375,395.3191833496094,480.0
129.29598999023438,419.00244140625,174.49232482910156,480.0
221.53504943847656,12.361438751220703,597.2099609375,301.2260437011719
351.3184814453125,124.36299133300781,472.4946594238281,308.7248840332031
196.51904296875,21.586523056030273,625.7339477539062,308.33099365234375
349.8093566894531,125.52545928955078,471.56097412109375,316.51617431640625
153.0616455078125,12.785439491271973,663.5887451171875,300.20770263671875
338.5894470214844,49.525691986083984,488.4921875,321.9625244140625
198.13497924804688,16.413850784301758,633.4567260742188,296.0140075683594
488.47052001953125,417.9237976074219,514.6708984375,480.0
182.99850463867188,21.699710845947266,643.0983276367188,294.7535095214844
278.9798278808594,10.230550765991211,555.0474243164062,329.6503601074219
212.74728393554688,22.6946964263916,606.930908203125,302.0666809082031
242.03379821777344,16.67503547668457,570.350830078125,321.701416015625
329.5973815917969,66.53068542480469,481.1405334472656,317.9921569824219
223.42861938476562,29.608905792236328,590.6305541992188,321.6849365234375
325.55560302734375,16.776716232299805,484.01873779296875,309.2088317871094
182.12359619140625,49.7474365234375,623.8016357421875,322.1138000488281
327.74505615234375,53.18873977661133,479.68621826171875,322.3280029296875
195.0187225341797,48.07681655883789,616.1476440429688,325.7213134765625
324.3567199707031,54.998661041259766,479.1673889160156,321.25079345703125
193.62965393066406,65.73957824707031,620.597412109375,324.21368408203125
238.65208435058594,41.90648651123047,528.0515747070312,339.15582275390625
237.13670349121094,93.02481842041016,573.3447875976562,293.8658752441406
221.78363037109375,51.39440155029297,581.5291137695312,336.7738342285156
279.1853332519531,79.01969909667969,526.09423828125,307.499755859375
182.27896118164062,70.55858612060547,567.9286499023438,323.6042785644531
320.62750244140625,72.03094482421875,478.294189453125,309.6972961425781
42.731441497802734,418.87591552734375,99.760009765625,480.0
312.37432861328125,91.44151306152344,455.5705261230469,350.83734130859375
196.35208129882812,62.340293884277344,613.9110717773438,338.0621337890625
311.1450500488281,129.1921844482422,447.7383117675781,358.624267578125
59.682064056396484,424.3410949707031,112.54971313476562,480.0
302.1822814941406,139.84971618652344,453.4263916015625,355.3941955566406
307.1304931640625,141.7776641845703,451.4947814941406,367.30902099609375
303.6300354003906,142.92529296875,453.48876953125,364.3797912597656
284.0483093261719,151.9456787109375,483.0088195800781,348.1216735839844
304.3605041503906,146.65785217285156,448.62677001953125,369.5513916015625
311.1058044433594,147.40213012695312,453.56683349609375,366.7410583496094
301.24676513671875,139.07574462890625,449.0301208496094,372.9176330566406
300.8861389160156,144.52822875976562,445.7494201660156,378.08184814453125
305.552734375,185.2902374267578,433.7989501953125,380.82818603515625
314.9253845214844,185.26800537109375,435.3582763671875,379.4569091796875
306.17254638671875,184.7594451904297,428.4443054199219,382.78814697265625
295.72998046875,199.9341278076172,409.76922607421875,383.8285827636719
288.61956787109375,199.72116088867188,410.6236877441406,388.0754089355469
289.3175354003906,199.40478515625,399.7983093261719,387.5458984375
278.52227783203125,196.77450561523438,416.096923828125,389.2252197265625
281.4793701171875,199.796142578125,389.6830749511719,391.3101501464844
280.8495788574219,197.29190063476562,380.60174560546875,386.3680725097656
208.0838165283203,212.44277954101562,474.7857360839844,366.33612060546875
270.7216491699219,257.27813720703125,343.1406555175781,392.10833740234375
81.46601104736328,431.54986572265625,130.95498657226562,479.63958740234375
272.13763427734375,254.2476348876953,342.09576416015625,391.9127502441406
82.48280334472656,431.02313232421875,131.20626831054688,479.73345947265625
268.0174255371094,246.37762451171875,342.1528015136719,397.7929382324219
216.3668975830078,239.44004821777344,417.13348388671875,376.4631042480469
265.76300048828125,247.44483947753906,339.4917297363281,401.677001953125
261.2080383300781,231.07615661621094,372.3939208984375,405.1090087890625
268.9065856933594,245.37086486816406,341.1863708496094,399.0907287597656
269.0946044921875,246.95484924316406,342.71929931640625,399.5232849121094
267.5473327636719,245.36688232421875,344.36822509765625,399.8595275878906
265.48699951171875,278.95526123046875,335.278564453125,411.00579833984375
100.11572265625,429.80352783203125,143.264404296875,480.0
264.3711242675781,277.9649658203125,341.0769348144531,409.4576110839844
98.78304290771484,430.4980163574219,149.13999938964844,479.462158203125
269.40142822265625,276.7576599121094,340.93682861328125,411.2667541503906
103.17005157470703,428.19342041015625,145.5161590576172,480.0
104.34264373779297,429.0060119628906,147.08395385742188,480.0
280.410888671875,283.0078430175781,346.64813232421875,412.5730285644531
284.6909484863281,281.47491455078125,340.8319396972656,411.9105529785156
278.59088134765625,298.833251953125,341.5019226074219,414.4878845214844
194.0139923095703,262.3802490234375,479.4030456542969,383.2360534667969
280.29376220703125,300.5557556152344,341.9117126464844,412.5606994628906
108.74386596679688,425.91815185546875,162.03060913085938,480.0
279.5964050292969,290.6903991699219,339.5547180175781,409.58953857421875
110.63436126708984,424.8811950683594,162.58203125,480.0
276.70135498046875,291.4205017089844,339.3756103515625,411.0910339355469
115.97344970703125,426.22564697265625,157.4239959716797,480.0
279.0113220214844,290.4499206542969,341.1278991699219,410.84771728515625
118.49207305908203,425.009765625,161.92845153808594,480.0
122.40092468261719,425.8861083984375,163.74046325683594,480.0
285.605712890625,310.0605163574219,348.5650939941406,414.1775817871094
132.43524169921875,423.13287353515625,177.8713836669922,478.1917419433594
284.8919677734375,273.6969299316406,402.61724853515625,352.328125
139.0699005126953,425.6071472167969,182.43711853027344,480.0
144.38162231445312,423.17547607421875,187.5806121826172,477.88421630859375
148.59739685058594,422.5029296875,194.0452880859375,478.6492004394531
147.07554626464844,421.87103271484375,192.66004943847656,478.8665771484375
304.15185546875,294.6259460449219,371.5878601074219,415.29486083984375
145.5673370361328,420.0942687988281,189.7702178955078,480.0
145.85513305664062,417.24310302734375,190.75323486328125,480.0
634.0505981445312,420.86224365234375,655.8140258789062,479.0104064941406
299.4783630371094,310.81304931640625,365.7058410644531,411.4960632324219
629.6437377929688,415.5545654296875,653.254638671875,476.48858642578125
304.5532531738281,304.417236328125,359.62847900390625,409.55291748046875
18.850811004638672,411.65643310546875,66.43502044677734,479.8046875
304.8851318359375,304.6114501953125,359.14874267578125,404.6504821777344
23.51866912841797,405.59136962890625,67.57192993164062,478.1955261230469
137.01979064941406,383.2846374511719,184.5037841796875,474.276611328125
605.7871704101562,387.7037658691406,627.7777709960938,448.3601989746094
601.2103271484375,384.859130859375,623.8328857421875,445.0670471191406
599.115478515625,382.48101806640625,621.4632568359375,442.031982421875
3.315340280532837,388.11004638671875,49.30793762207031,475.54217529296875
260.044677734375,244.58827209472656,382.022216796875,328.4359130859375
245.72393798828125,263.80322265625,416.0116882324219,367.4976806640625
236.59649658203125,244.27337646484375,404.1256408691406,350.4224548339844
327.4251403808594,359.3627624511719,366.2913513183594,475.7505187988281
339.152099609375,357.5452575683594,370.4179382324219,470.353271484375
338.7507019042969,354.1456604003906,368.9698181152344,474.47052001953125
123.82390594482422,359.2220458984375,178.78622436523438,477.773681640625
122.1663818359375,359.02874755859375,175.99720764160156,478.2242736816406
184.45663452148438,246.07882690429688,438.99700927734375,350.40460205078125
278.430908203125,262.4597473144531,339.9617919921875,368.0616760253906
231.91372680664062,247.6174774169922,408.4961853027344,340.4305419921875
124.19808197021484,351.6505432128906,175.78260803222656,475.131103515625
599.9059448242188,355.5270080566406,625.6484985351562,412.0429382324219
195.33447265625,243.97068786621094,425.80853271484375,357.1759338378906
307.4378662109375,338.54437255859375,339.47674560546875,453.7145690917969
195.90065002441406,232.9073028564453,431.0320129394531,355.1130065917969
594.52392578125,346.0556640625,622.99755859375,404.7547302246094
194.61566162109375,233.44827270507812,434.0556335449219,350.94024658203125
586.042236328125,346.3290710449219,612.5550537109375,405.18890380859375
184.7322235107422,234.8592987060547,436.19610595703125,346.83868408203125
715.9398803710938,343.3565368652344,730.5613403320312,385.49237060546875
238.62811279296875,240.88572692871094,399.64031982421875,337.9389343261719
242.45651245117188,234.81201171875,393.87890625,294.24359130859375
247.95703125,238.87628173828125,379.00750732421875,333.2345886230469
227.8419952392578,237.56594848632812,399.4692687988281,333.8467712402344
274.57452392578125,232.2545166015625,339.2430725097656,335.850830078125
202.61068725585938,240.93418884277344,407.9770202636719,330.6263427734375
505.7425537109375,330.17962646484375,530.5577392578125,390.89080810546875
208.1143341064453,235.58953857421875,398.992919921875,324.582763671875
501.4590148925781,326.0600280761719,528.3104248046875,387.7619323730469
214.1005401611328,222.94622802734375,391.9259033203125,312.33905029296875
240.1947784423828,217.03187561035156,362.7244873046875,314.2228088378906
225.99285888671875,216.7195281982422,382.9922790527344,318.2411193847656
216.5023651123047,219.11322021484375,386.239990234375,313.174072265625
253.7579803466797,218.922119140625,355.8172912597656,314.36749267578125
208.249267578125,220.80279541015625,395.43731689453125,311.2352600097656
275.16998291015625,211.7958984375,334.45855712890625,312.5811767578125
209.79367065429688,217.87887573242188,405.59912109375,307.70751953125
281.243896484375,212.0048370361328,337.3133544921875,308.8213195800781
225.32626342773438,214.36083984375,407.3115234375,305.80084228515625
278.3736267089844,210.76112365722656,347.4366455078125,306.3856506347656
239.31048583984375,208.47488403320312,401.3075256347656,302.4941711425781
250.86026000976562,209.99505615234375,387.7855529785156,298.7603454589844
260.9606018066406,204.62318420410156,383.4604797363281,296.8603515625
246.4923553466797,209.54104614257812,393.3583068847656,298.3335876464844
301.27825927734375,198.25010681152344,371.0633544921875,295.47900390625
251.00096130371094,209.1584014892578,417.9534606933594,296.6557312011719
313.7240295410156,198.96327209472656,364.2847595214844,299.80120849609375
258.1939392089844,208.86720275878906,424.84619140625,295.9721984863281
318.92303466796875,205.60244750976562,374.9814453125,297.74627685546875
270.39990234375,207.1266326904297,432.3643493652344,298.2046203613281
302.1292724609375,210.0353240966797,405.0818176269531,293.5191650390625
283.38751220703125,205.371337890625,421.5115051269531,297.8514099121094
296.68896484375,211.80125427246094,431.9009094238281,303.0175476074219
331.214599609375,208.9649658203125,404.4570007324219,302.472412109375
288.0958557128906,213.44720458984375,456.8057861328125,305.24127197265625
344.8682861328125,207.01608276367188,398.9387512207031,303.96368408203125
284.5179748535156,214.8278045654297,462.272216796875,306.54815673828125
348.28887939453125,212.77230834960938,401.41748046875,307.7862243652344
293.5995788574219,214.80242919921875,464.3780212402344,304.132080078125
343.2682189941406,216.18695068359375,407.5849609375,303.06207275390625
305.67578125,214.62184143066406,451.31573486328125,300.810791015625
320.51373291015625,215.17242431640625,435.5669250488281,298.0646667480469
313.44110107421875,214.81729125976562,440.64849853515625,299.5379333496094
308.4101867675781,217.22232055664062,447.1309509277344,300.8503723144531
327.52093505859375,216.9313507080078,425.6513977050781,300.3749084472656
301.8601379394531,219.2445526123047,457.4964904785156,303.53143310546875
361.0374450683594,221.96728515625,402.78179931640625,297.25115966796875
304.87237548828125,224.75152587890625,460.401611328125,305.0372619628906
363.7288818359375,229.5562744140625,404.2856750488281,301.1164855957031
311.7622375488281,228.9265899658203,458.0747375488281,302.3489074707031
244.5440216064453,311.8552551269531,314.14825439453125,480.0
312.9178466796875,222.23770141601562,454.6458435058594,303.67254638671875
332.9624328613281,225.29974365234375,441.33917236328125,301.60955810546875
326.57208251953125,225.5726318359375,445.5677490234375,300.8794250488281
321.0884094238281,223.7913360595703,451.6978759765625,299.7996520996094
355.8277587890625,232.2893524169922,417.94317626953125,296.7896728515625
323.45758056640625,225.79359436035156,466.5690002441406,299.47735595703125
369.11541748046875,227.08969116210938,410.2564697265625,298.5972900390625
318.0372619628906,220.20443725585938,475.39837646484375,303.6683044433594
370.2460021972656,226.14990234375,409.1109313964844,295.8765869140625
320.88385009765625,218.73008728027344,472.156494140625,303.88336181640625
270.5272216796875,304.5260314941406,331.93780517578125,476.42706298828125
325.6183776855469,216.42543029785156,468.7744445800781,299.5409240722656
355.7593078613281,221.104248046875,437.4100646972656,281.6804504394531
336.9676208496094,217.88731384277344,456.42413330078125,292.9794006347656
338.3956298828125,215.71588134765625,457.374755859375,289.1575927734375
368.34197998046875,227.63479614257812,428.84002685546875,289.6058044433594
335.1342468261719,213.37545776367188,468.1774597167969,292.0846862792969
384.2189636230469,216.84390258789062,426.73370361328125,285.441650390625
331.5142822265625,213.96717834472656,476.652099609375,293.0262145996094
387.34228515625,215.42747497558594,422.1645202636719,283.794677734375
335.8356018066406,213.37852478027344,475.7790222167969,287.6108093261719
384.9421691894531,217.67984008789062,425.79730224609375,280.7556457519531
334.03472900390625,212.59109497070312,472.93115234375,287.285400390625
368.55902099609375,213.47640991210938,434.12353515625,280.7394714355469
336.17572021484375,211.37863159179688,461.5738220214844,286.7117614746094
343.9266052246094,211.69444274902344,445.6657409667969,283.9643249511719
341.44317626953125,213.48191833496094,446.9042663574219,283.6929016113281
322.41400146484375,212.88082885742188,448.7334289550781,284.2425842285156
353.3265380859375,215.4950408935547,413.7554016113281,284.5035400390625
311.9523010253906,214.60308837890625,444.341064453125,285.9405212402344
362.10546875,216.73025512695312,393.3277282714844,283.07293701171875
305.29736328125,215.17428588867188,446.12664794921875,286.69952392578125
357.9826354980469,220.3332061767578,388.2330017089844,282.6744079589844
303.1206970214844,215.92103576660156,440.70245361328125,281.8359680175781
348.61322021484375,221.78781127929688,390.63067626953125,281.49456787109375
309.20184326171875,216.44651794433594,433.8525695800781,282.6606750488281
334.4678649902344,219.5209503173828,407.33074951171875,280.3369140625
322.3167419433594,225.1615447998047,415.33685302734375,278.246337890625
322.809326171875,223.04483032226562,417.8285217285156,280.03570556640625
340.210205078125,228.29989624023438,399.220947265625,289.1211853027344
310.9011535644531,221.0044403076172,441.145751953125,290.8470458984375
356.244873046875,230.98812866210938,391.2808837890625,288.68536376953125
310.6700439453125,224.54397583007812,443.493408203125,295.3962097167969
363.40020751953125,234.01290893554688,393.1180419921875,287.6767578125
312.029296875,225.06935119628906,447.2283020019531,292.4167785644531
360.9215393066406,232.3594970703125,398.84344482421875,287.72186279296875
315.33306884765625,224.8712158203125,446.616455078125,291.74285888671875
353.13800048828125,223.7991485595703,413.18621826171875,283.36517333984375
340.0632629394531,216.6385498046875,425.8594055175781,268.21588134765625
345.84930419921875,206.55029296875,426.485107421875,262.78759765625
353.9127502441406,207.19493103027344,420.2817077636719,262.3423767089844
322.6046447753906,277.3121337890625,379.9886169433594,457.176513671875
375.32183837890625,211.06103515625,413.6249084472656,262.02740478515625
184.366943359375,339.7235412597656,250.5803985595703,477.4715881347656
387.455810546875,203.4631805419922,416.6966552734375,254.74205017089844
349.2642517089844,205.689697265625,424.54962158203125,255.58360290527344
392.0337829589844,200.82485961914062,421.1976318359375,253.0380401611328
363.92218017578125,203.7628936767578,427.6512756347656,253.342529296875
397.83819580078125,201.41102600097656,431.6861267089844,251.90196228027344
371.4899597167969,201.58583068847656,439.32781982421875,251.4005584716797
400.6365051269531,202.2101593017578,438.0483703613281,250.62075805664062
409.58148193359375,205.6438751220703,445.2081604003906,247.80279541015625
383.281494140625,200.0195770263672,447.06915283203125,250.31361389160156
414.09808349609375,203.52842712402344,451.5342712402344,248.1082763671875
382.47711181640625,199.15713500976562,454.84857177734375,250.92234802246094
418.4979248046875,196.41213989257812,450.6317443847656,245.1675567626953
377.88751220703125,194.8226776123047,454.3357238769531,244.9805908203125
420.5793151855469,196.22952270507812,447.1435241699219,245.53443908691406
379.637451171875,195.60414123535156,453.1558837890625,243.8643798828125
413.4921569824219,196.07064819335938,447.76373291015625,241.3501434326172
388.405029296875,195.7628631591797,450.44110107421875,241.1012725830078
412.0791320800781,197.30921936035156,446.90411376953125,242.4605712890625
411.39801025390625,201.3383026123047,446.538330078125,241.00924682617188
387.5606384277344,192.486328125,448.1290283203125,237.94305419921875
416.46002197265625,199.44308471679688,449.92816162109375,241.0397491455078
382.6781921386719,191.20652770996094,449.20819091796875,237.0150604248047
419.1698303222656,195.28074645996094,448.8971862792969,239.9267120361328
383.06439208984375,190.8797149658203,449.95880126953125,236.50540161132812
421.783935546875,194.0724334716797,449.5589599609375,237.8763427734375
390.34576416015625,188.56137084960938,451.9728088378906,235.17916870117188
423.5959167480469,190.10598754882812,453.56292724609375,233.77894592285156
402.4878234863281,187.55853271484375,455.06298828125,233.61123657226562
417.3554382324219,188.62171936035156,459.20025634765625,233.6800079345703
428.5210876464844,187.57398986816406,460.2705383300781,232.77212524414062
410.3811950683594,176.73406982421875,463.95257568359375,222.06655883789062
442.6344299316406,183.50767517089844,466.0779724121094,225.1352081298828
414.2263488769531,173.49008178710938,473.4820861816406,219.2974853515625
449.14410400390625,183.7675018310547,472.82269287109375,219.09033203125
419.181396484375,170.5509033203125,476.1178283691406,218.123046875
456.5830993652344,167.88011169433594,477.2414855957031,209.95989990234375
427.8315124511719,159.67149353027344,481.6146545410156,205.41893005371094
441.29156494140625,159.9990234375,469.4955139160156,202.51881408691406
176.23995971679688,312.3404846191406,240.5441436767578,480.0
429.9617614746094,155.17649841308594,465.2342529296875,200.7022247314453
432.84405517578125,150.9953155517578,463.8075866699219,194.56089782714844
170.1004638671875,311.8939514160156,237.4195556640625,480.0
437.09613037109375,154.1575469970703,458.30084228515625,191.40574645996094
400.5861511230469,141.9820556640625,457.3324890136719,189.94729614257812
423.02191162109375,151.72430419921875,445.7875671386719,191.16207885742188
133.25794982910156,310.8664855957031,202.07142639160156,479.04095458984375
406.95172119140625,148.97119140625,432.96240234375,191.3447265625
397.64013671875,143.45167541503906,433.93170166015625,185.7345733642578
404.2849426269531,150.43751525878906,426.8779602050781,181.39707946777344
387.1103515625,140.96194458007812,418.8514099121094,185.53443908691406
385.4588623046875,149.3987274169922,408.606689453125,181.05010986328125
377.5572509765625,144.7323760986328,400.5428161621094,183.23402404785156
370.33990478515625,150.13702392578125,393.5072937011719,179.67019653320312
372.81304931640625,143.94956970214844,394.41888427734375,181.5893096923828
381.91180419921875,147.85873413085938,404.6634826660156,181.77099609375
388.72650146484375,143.19459533691406,410.7841796875,179.6808624267578
89.72683715820312,309.9250793457031,153.10263061523438,480.0
414.7781066894531,142.2160186767578,437.2155456542969,179.45010375976562
415.3994140625,147.91641235351562,437.85882568359375,180.15150451660156
402.41107177734375,144.33363342285156,426.8137512207031,178.4991455078125
366.0004577636719,142.34556579589844,388.3664245605469,178.87612915039062
359.51727294921875,145.73611450195312,387.18408203125,177.03440856933594
353.6868896484375,144.5000457763672,375.9505310058594,178.69964599609375
355.8795471191406,145.08045959472656,379.0765686035156,176.1581573486328
359.6878662109375,144.2947540283203,387.029296875,177.4097442626953
359.9512939453125,147.27684020996094,386.028076171875,174.66058349609375
367.243896484375,143.0812225341797,390.2276611328125,176.78501892089844
374.7645263671875,140.61846923828125,402.5404968261719,172.24024963378906
385.7384033203125,139.75083923339844,412.5775146484375,172.53355407714844
388.07769775390625,141.79734802246094,416.29119873046875,170.53431701660156
52.81853485107422,314.60064697265625,118.86268615722656,480.0
392.0711364746094,136.59133911132812,419.93707275390625,171.36599731445312
389.3814697265625,140.98422241210938,414.07562255859375,168.89138793945312
381.2212829589844,138.15554809570312,408.4876403808594,170.38523864746094
374.0760803222656,138.0841064453125,402.66156005859375,169.5652313232422
370.505126953125,135.68666076660156,396.14190673828125,166.95436096191406
366.23223876953125,140.35641479492188,389.4451904296875,167.37771606445312
358.06610107421875,136.3383331298828,385.3250427246094,164.82186889648438
353.8603820800781,140.21852111816406,379.2446594238281,167.00082397460938
348.01739501953125,139.38925170898438,379.1055908203125,169.42364501953125
339.59619140625,138.62696838378906,372.3871765136719,172.58563232421875
337.9796142578125,140.28524780273438,370.9052734375,172.05557250976562
334.4589538574219,141.00033569335938,362.5194091796875,172.7362060546875
338.084228515625,142.8260040283203,364.6833190917969,170.94493103027344
338.8757019042969,140.51531982421875,369.6525573730469,174.1977081298828
341.1466979980469,140.552734375,370.9238586425781,173.54156494140625
341.57733154296875,139.31179809570312,370.97955322265625,173.81919860839844
329.83709716796875,270.7655029296875,383.1700439453125,450.3047790527344
351.3530578613281,140.41976928710938,382.0792236328125,172.40771484375
354.0389099121094,140.41055297851562,382.875,169.40725708007812
362.02593994140625,138.46282958984375,396.06915283203125,167.09915161132812
368.1778259277344,139.46315002441406,397.0429992675781,168.6223907470703
371.36309814453125,138.63067626953125,401.67584228515625,164.73919677734375
378.01336669921875,138.23321533203125,410.72100830078125,165.76165771484375
381.6646728515625,138.89950561523438,409.9123229980469,164.80410766601562
384.4967346191406,137.44021606445312,413.9327087402344,163.31271362304688
386.4129333496094,138.32687377929688,414.6417236328125,163.84092712402344
389.689453125,134.47216796875,418.9217834472656,162.25546264648438
389.13720703125,138.3287353515625,421.54736328125,163.86219787597656
398.3917541503906,136.66729736328125,431.2706604003906,160.922607421875
399.3686218261719,139.41319274902344,429.6564025878906,164.2896728515625
399.9618835449219,135.9206085205078,453.0138244628906,164.3761444091797
401.69427490234375,138.03855895996094,457.5110168457031,168.07345581054688
401.8087158203125,135.719482421875,464.44891357421875,162.69027709960938
402.83502197265625,138.55801391601562,437.61578369140625,163.4071044921875
399.0805358886719,135.30740356445312,461.7801513671875,163.20599365234375
400.202880859375,136.10623168945312,432.76177978515625,158.66766357421875
399.173095703125,137.48155212402344,431.0606994628906,161.310791015625
395.1510314941406,131.8058624267578,429.17431640625,156.5703582763672
388.1612854003906,132.8465118408203,449.87725830078125,161.0077362060547
391.10516357421875,129.77671813964844,432.533935546875,160.36447143554688
385.4742736816406,129.81423950195312,445.6788635253906,160.51962280273438
386.0712890625,130.97763061523438,425.86614990234375,158.13070678710938
383.31005859375,117.68928527832031,442.3651428222656,158.7135772705078
381.7467041015625,127.17736053466797,446.2862854003906,153.5510711669922
382.8577575683594,119.67191314697266,421.6334533691406,157.4590301513672
382.7516784667969,132.15179443359375,419.2980651855469,155.40560913085938
376.6186218261719,119.12565612792969,415.6058654785156,155.7228546142578
370.6285705566406,127.91720581054688,449.9237060546875,159.63790893554688
370.14398193359375,122.39016723632812,419.1903381347656,157.4129638671875
368.4538879394531,131.5332489013672,433.35693359375,161.02264404296875
367.2194519042969,130.77296447753906,421.63983154296875,159.1327667236328
366.3743591308594,138.6996307373047,405.38525390625,162.1368408203125
366.0974426269531,140.5279541015625,406.6921691894531,163.7476043701172
360.2247619628906,140.01490783691406,400.77838134765625,164.1092987060547
359.03546142578125,141.72848510742188,402.4384765625,165.50828552246094
357.4918518066406,129.1602020263672,397.5660400390625,169.71624755859375
355.17742919921875,140.50387573242188,417.5243225097656,170.9390869140625
353.4387512207031,130.67735290527344,392.75628662109375,171.68185424804688
342.5091857910156,142.2675018310547,398.5054016113281,170.04689025878906
338.12835693359375,134.64930725097656,391.1945495605469,170.4998016357422
336.7750549316406,140.9453125,398.2122497558594,170.31431579589844
330.8641052246094,139.3985137939453,389.63037109375,169.45785522460938
327.815185546875,138.76220703125,382.1174011230469,168.79051208496094
325.3043518066406,141.73654174804688,385.1619567871094,168.47325134277344
