120.20368194580078,35.80729675292969,143.65272521972656,35.729496002197266,143.92506408691406,115.22456359863281,120.4753646850586,115.3022232055664
120.20368194580078,35.80729675292969,143.65272521972656,35.729496002197266,143.92506408691406,115.22456359863281,120.4753646850586,115.3022232055664
120.20368194580078,35.80729675292969,143.65272521972656,35.729496002197266,143.92506408691406,115.22456359863281,120.4753646850586,115.3022232055664
120.20368194580078,35.80729675292969,143.65272521972656,35.729496002197266,143.92506408691406,115.22456359863281,120.4753646850586,115.3022232055664
120.20368194580078,35.80729675292969,143.65272521972656,35.729496002197266,143.92506408691406,115.22456359863281,120.4753646850586,115.3022232055664
120.20368194580078,35.80729675292969,143.65272521972656,35.729496002197266,143.92506408691406,115.22456359863281,120.4753646850586,115.3022232055664
120.20368194580078,35.80729675292969,143.65272521972656,35.729496002197266,143.92506408691406,115.22456359863281,120.4753646850586,115.3022232055664
120.20368194580078,35.80729675292969,143.65272521972656,35.729496002197266,143.92506408691406,115.22456359863281,120.4753646850586,115.3022232055664
120.20368194580078,35.80729675292969,143.65272521972656,35.729496002197266,143.92506408691406,115.22456359863281,120.4753646850586,115.3022232055664
120.20368194580078,35.80729675292969,143.65272521972656,35.729496002197266,143.92506408691406,115.22456359863281,120.4753646850586,115.3022232055664
120.20368194580078,35.80729675292969,143.65272521972656,35.729496002197266,143.92506408691406,115.22456359863281,120.4753646850586,115.3022232055664
120.20368194580078,35.80729675292969,143.65272521972656,35.729496002197266,143.92506408691406,115.22456359863281,120.4753646850586,115.3022232055664
120.20368194580078,35.80729675292969,143.65272521972656,35.729496002197266,143.92506408691406,115.22456359863281,120.4753646850586,115.3022232055664
120.20368194580078,35.80729675292969,143.65272521972656,35.729496002197266,143.92506408691406,115.22456359863281,120.4753646850586,115.3022232055664
120.20368194580078,35.80729675292969,143.65272521972656,35.729496002197266,143.92506408691406,115.22456359863281,120.4753646850586,115.3022232055664
120.20368194580078,35.80729675292969,143.65272521972656,35.729496002197266,143.92506408691406,115.22456359863281,120.4753646850586,115.3022232055664
120.20368194580078,35.80729675292969,143.65272521972656,35.729496002197266,143.92506408691406,115.22456359863281,120.4753646850586,115.3022232055664
120.20368194580078,35.80729675292969,143.65272521972656,35.729496002197266,143.92506408691406,115.22456359863281,120.4753646850586,115.3022232055664
120.20368194580078,35.80729675292969,143.65272521972656,35.729496002197266,143.92506408691406,115.22456359863281,120.4753646850586,115.3022232055664
120.20368194580078,35.80729675292969,143.65272521972656,35.729496002197266,143.92506408691406,115.22456359863281,120.4753646850586,115.3022232055664
120.20368194580078,35.80729675292969,143.65272521972656,35.729496002197266,143.92506408691406,115.22456359863281,120.4753646850586,115.3022232055664
120.20368194580078,35.80729675292969,143.65272521972656,35.729496002197266,143.92506408691406,115.22456359863281,120.4753646850586,115.3022232055664
120.20368194580078,35.80729675292969,143.65272521972656,35.729496002197266,143.92506408691406,115.22456359863281,120.4753646850586,115.3022232055664
120.20368194580078,35.80729675292969,143.65272521972656,35.729496002197266,143.92506408691406,115.22456359863281,120.4753646850586,115.3022232055664
120.20368194580078,35.80729675292969,143.65272521972656,35.729496002197266,143.92506408691406,115.22456359863281,120.4753646850586,115.3022232055664
120.20368194580078,35.80729675292969,143.65272521972656,35.729496002197266,143.92506408691406,115.22456359863281,120.4753646850586,115.3022232055664
120.20368194580078,35.80729675292969,143.65272521972656,35.729496002197266,143.92506408691406,115.22456359863281,120.4753646850586,115.3022232055664
120.20368194580078,35.80729675292969,143.65272521972656,35.729496002197266,143.92506408691406,115.22456359863281,120.4753646850586,115.3022232055664
120.20368194580078,35.80729675292969,143.65272521972656,35.729496002197266,143.92506408691406,115.22456359863281,120.4753646850586,115.3022232055664
120.20368194580078,35.80729675292969,143.65272521972656,35.729496002197266,143.92506408691406,115.22456359863281,120.4753646850586,115.3022232055664
120.20368194580078,35.80729675292969,143.65272521972656,35.729496002197266,143.92506408691406,115.22456359863281,120.4753646850586,115.3022232055664
120.20368194580078,35.80729675292969,143.65272521972656,35.729496002197266,143.92506408691406,115.22456359863281,120.4753646850586,115.3022232055664
120.20368194580078,35.80729675292969,143.65272521972656,35.729496002197266,143.92506408691406,115.22456359863281,120.4753646850586,115.3022232055664
120.20368194580078,35.80729675292969,143.65272521972656,35.729496002197266,143.92506408691406,115.22456359863281,120.4753646850586,115.3022232055664
120.20368194580078,35.80729675292969,143.65272521972656,35.729496002197266,143.92506408691406,115.22456359863281,120.4753646850586,115.3022232055664
120.20368194580078,35.80729675292969,143.65272521972656,35.729496002197266,143.92506408691406,115.22456359863281,120.4753646850586,115.3022232055664
120.20368194580078,35.80729675292969,143.65272521972656,35.729496002197266,143.92506408691406,115.22456359863281,120.4753646850586,115.3022232055664
120.20368194580078,35.80729675292969,143.65272521972656,35.729496002197266,143.92506408691406,115.22456359863281,120.4753646850586,115.3022232055664
120.20368194580078,35.80729675292969,143.65272521972656,35.729496002197266,143.92506408691406,115.22456359863281,120.4753646850586,115.3022232055664
120.20368194580078,35.80729675292969,143.65272521972656,35.729496002197266,143.92506408691406,115.22456359863281,120.4753646850586,115.3022232055664
120.20368194580078,35.80729675292969,143.65272521972656,35.729496002197266,143.92506408691406,115.22456359863281,120.4753646850586,115.3022232055664
120.20368194580078,35.80729675292969,143.65272521972656,35.729496002197266,143.92506408691406,115.22456359863281,120.4753646850586,115.3022232055664
120.20368194580078,35.80729675292969,143.65272521972656,35.729496002197266,143.92506408691406,115.22456359863281,120.4753646850586,115.3022232055664
120.20368194580078,35.80729675292969,143.65272521972656,35.729496002197266,143.92506408691406,115.22456359863281,120.4753646850586,115.3022232055664
120.20368194580078,35.80729675292969,143.65272521972656,35.729496002197266,143.92506408691406,115.22456359863281,120.4753646850586,115.3022232055664
120.20368194580078,35.80729675292969,143.65272521972656,35.729496002197266,143.92506408691406,115.22456359863281,120.4753646850586,115.3022232055664
120.20368194580078,35.80729675292969,143.65272521972656,35.729496002197266,143.92506408691406,115.22456359863281,120.4753646850586,115.3022232055664
120.20368194580078,35.80729675292969,143.65272521972656,35.729496002197266,143.92506408691406,115.22456359863281,120.4753646850586,115.3022232055664
120.20368194580078,35.80729675292969,143.65272521972656,35.729496002197266,143.92506408691406,115.22456359863281,120.4753646850586,115.3022232055664
120.20368194580078,35.80729675292969,143.65272521972656,35.729496002197266,143.92506408691406,115.22456359863281,120.4753646850586,115.3022232055664
120.20368194580078,35.80729675292969,143.65272521972656,35.729496002197266,143.92506408691406,115.22456359863281,120.4753646850586,115.3022232055664
120.20368194580078,35.80729675292969,143.65272521972656,35.729496002197266,143.92506408691406,115.22456359863281,120.4753646850586,115.3022232055664
120.20368194580078,35.80729675292969,143.65272521972656,35.729496002197266,143.92506408691406,115.22456359863281,120.4753646850586,115.3022232055664
120.20368194580078,35.80729675292969,143.65272521972656,35.729496002197266,143.92506408691406,115.22456359863281,120.4753646850586,115.3022232055664
120.20368194580078,35.80729675292969,143.65272521972656,35.729496002197266,143.92506408691406,115.22456359863281,120.4753646850586,115.3022232055664
120.20368194580078,35.80729675292969,143.65272521972656,35.729496002197266,143.92506408691406,115.22456359863281,120.4753646850586,115.3022232055664
120.20368194580078,35.80729675292969,143.65272521972656,35.729496002197266,143.92506408691406,115.22456359863281,120.4753646850586,115.3022232055664
120.20368194580078,35.80729675292969,143.65272521972656,35.729496002197266,143.92506408691406,115.22456359863281,120.4753646850586,115.3022232055664
120.20368194580078,35.80729675292969,143.65272521972656,35.729496002197266,143.92506408691406,115.22456359863281,120.4753646850586,115.3022232055664
120.20368194580078,35.80729675292969,143.65272521972656,35.729496002197266,143.92506408691406,115.22456359863281,120.4753646850586,115.3022232055664
120.20368194580078,35.80729675292969,143.65272521972656,35.729496002197266,143.92506408691406,115.22456359863281,120.4753646850586,115.3022232055664
120.20368194580078,35.80729675292969,143.65272521972656,35.729496002197266,143.92506408691406,115.22456359863281,120.4753646850586,115.3022232055664
120.20368194580078,35.80729675292969,143.65272521972656,35.729496002197266,143.92506408691406,115.22456359863281,120.4753646850586,115.3022232055664
120.20368194580078,35.80729675292969,143.65272521972656,35.729496002197266,143.92506408691406,115.22456359863281,120.4753646850586,115.3022232055664
120.20368194580078,35.80729675292969,143.65272521972656,35.729496002197266,143.92506408691406,115.22456359863281,120.4753646850586,115.3022232055664
120.20368194580078,35.80729675292969,143.65272521972656,35.729496002197266,143.92506408691406,115.22456359863281,120.4753646850586,115.3022232055664
120.20368194580078,35.80729675292969,143.65272521972656,35.729496002197266,143.92506408691406,115.22456359863281,120.4753646850586,115.3022232055664
120.20368194580078,35.80729675292969,143.65272521972656,35.729496002197266,143.92506408691406,115.22456359863281,120.4753646850586,115.3022232055664
120.20368194580078,35.80729675292969,143.65272521972656,35.729496002197266,143.92506408691406,115.22456359863281,120.4753646850586,115.3022232055664
120.20368194580078,35.80729675292969,143.65272521972656,35.729496002197266,143.92506408691406,115.22456359863281,120.4753646850586,115.3022232055664
120.20368194580078,35.80729675292969,143.65272521972656,35.729496002197266,143.92506408691406,115.22456359863281,120.4753646850586,115.3022232055664
120.20368194580078,35.80729675292969,143.65272521972656,35.729496002197266,143.92506408691406,115.22456359863281,120.4753646850586,115.3022232055664
120.20368194580078,35.80729675292969,143.65272521972656,35.729496002197266,143.92506408691406,115.22456359863281,120.4753646850586,115.3022232055664
120.20368194580078,35.80729675292969,143.65272521972656,35.729496002197266,143.92506408691406,115.22456359863281,120.4753646850586,115.3022232055664
120.20368194580078,35.80729675292969,143.65272521972656,35.729496002197266,143.92506408691406,115.22456359863281,120.4753646850586,115.3022232055664
120.20368194580078,35.80729675292969,143.65272521972656,35.729496002197266,143.92506408691406,115.22456359863281,120.4753646850586,115.3022232055664
120.20368194580078,35.80729675292969,143.65272521972656,35.729496002197266,143.92506408691406,115.22456359863281,120.4753646850586,115.3022232055664
120.20368194580078,35.80729675292969,143.65272521972656,35.729496002197266,143.92506408691406,115.22456359863281,120.4753646850586,115.3022232055664
120.20368194580078,35.80729675292969,143.65272521972656,35.729496002197266,143.92506408691406,115.22456359863281,120.4753646850586,115.3022232055664
120.20368194580078,35.80729675292969,143.65272521972656,35.729496002197266,143.92506408691406,115.22456359863281,120.4753646850586,115.3022232055664
120.20368194580078,35.80729675292969,143.65272521972656,35.729496002197266,143.92506408691406,115.22456359863281,120.4753646850586,115.3022232055664
120.20368194580078,35.80729675292969,143.65272521972656,35.729496002197266,143.92506408691406,115.22456359863281,120.4753646850586,115.3022232055664
120.20368194580078,35.80729675292969,143.65272521972656,35.729496002197266,143.92506408691406,115.22456359863281,120.4753646850586,115.3022232055664
120.20368194580078,35.80729675292969,143.65272521972656,35.729496002197266,143.92506408691406,115.22456359863281,120.4753646850586,115.3022232055664
120.20368194580078,35.80729675292969,143.65272521972656,35.729496002197266,143.92506408691406,115.22456359863281,120.4753646850586,115.3022232055664
120.20368194580078,35.80729675292969,143.65272521972656,35.729496002197266,143.92506408691406,115.22456359863281,120.4753646850586,115.3022232055664
120.20368194580078,35.80729675292969,143.65272521972656,35.729496002197266,143.92506408691406,115.22456359863281,120.4753646850586,115.3022232055664
120.20368194580078,35.80729675292969,143.65272521972656,35.729496002197266,143.92506408691406,115.22456359863281,120.4753646850586,115.3022232055664
120.20368194580078,35.80729675292969,143.65272521972656,35.729496002197266,143.92506408691406,115.22456359863281,120.4753646850586,115.3022232055664
120.20368194580078,35.80729675292969,143.65272521972656,35.729496002197266,143.92506408691406,115.22456359863281,120.4753646850586,115.3022232055664
120.20368194580078,35.80729675292969,143.65272521972656,35.729496002197266,143.92506408691406,115.22456359863281,120.4753646850586,115.3022232055664
120.20368194580078,35.80729675292969,143.65272521972656,35.729496002197266,143.92506408691406,115.22456359863281,120.4753646850586,115.3022232055664
120.20368194580078,35.80729675292969,143.65272521972656,35.729496002197266,143.92506408691406,115.22456359863281,120.4753646850586,115.3022232055664
120.20368194580078,35.80729675292969,143.65272521972656,35.729496002197266,143.92506408691406,115.22456359863281,120.4753646850586,115.3022232055664
120.20368194580078,35.80729675292969,143.65272521972656,35.729496002197266,143.92506408691406,115.22456359863281,120.4753646850586,115.3022232055664
120.20368194580078,35.80729675292969,143.65272521972656,35.729496002197266,143.92506408691406,115.22456359863281,120.4753646850586,115.3022232055664
120.20368194580078,35.80729675292969,143.65272521972656,35.729496002197266,143.92506408691406,115.22456359863281,120.4753646850586,115.3022232055664
120.20368194580078,35.80729675292969,143.65272521972656,35.729496002197266,143.92506408691406,115.22456359863281,120.4753646850586,115.3022232055664
120.20368194580078,35.80729675292969,143.65272521972656,35.729496002197266,143.92506408691406,115.22456359863281,120.4753646850586,115.3022232055664
120.20368194580078,35.80729675292969,143.65272521972656,35.729496002197266,143.92506408691406,115.22456359863281,120.4753646850586,115.3022232055664
120.20368194580078,35.80729675292969,143.65272521972656,35.729496002197266,143.92506408691406,115.22456359863281,120.4753646850586,115.3022232055664
120.20368194580078,35.80729675292969,143.65272521972656,35.729496002197266,143.92506408691406,115.22456359863281,120.4753646850586,115.3022232055664
120.20368194580078,35.80729675292969,143.65272521972656,35.729496002197266,143.92506408691406,115.22456359863281,120.4753646850586,115.3022232055664
120.20368194580078,35.80729675292969,143.65272521972656,35.729496002197266,143.92506408691406,115.22456359863281,120.4753646850586,115.3022232055664
120.20368194580078,35.80729675292969,143.65272521972656,35.729496002197266,143.92506408691406,115.22456359863281,120.4753646850586,115.3022232055664
120.20368194580078,35.80729675292969,143.65272521972656,35.729496002197266,143.92506408691406,115.22456359863281,120.4753646850586,115.3022232055664
120.20368194580078,35.80729675292969,143.65272521972656,35.729496002197266,143.92506408691406,115.22456359863281,120.4753646850586,115.3022232055664
120.20368194580078,35.80729675292969,143.65272521972656,35.729496002197266,143.92506408691406,115.22456359863281,120.4753646850586,115.3022232055664
120.20368194580078,35.80729675292969,143.65272521972656,35.729496002197266,143.92506408691406,115.22456359863281,120.4753646850586,115.3022232055664
120.20368194580078,35.80729675292969,143.65272521972656,35.729496002197266,143.92506408691406,115.22456359863281,120.4753646850586,115.3022232055664
120.20368194580078,35.80729675292969,143.65272521972656,35.729496002197266,143.92506408691406,115.22456359863281,120.4753646850586,115.3022232055664
120.20368194580078,35.80729675292969,143.65272521972656,35.729496002197266,143.92506408691406,115.22456359863281,120.4753646850586,115.3022232055664
120.20368194580078,35.80729675292969,143.65272521972656,35.729496002197266,143.92506408691406,115.22456359863281,120.4753646850586,115.3022232055664
120.20368194580078,35.80729675292969,143.65272521972656,35.729496002197266,143.92506408691406,115.22456359863281,120.4753646850586,115.3022232055664
120.20368194580078,35.80729675292969,143.65272521972656,35.729496002197266,143.92506408691406,115.22456359863281,120.4753646850586,115.3022232055664
120.20368194580078,35.80729675292969,143.65272521972656,35.729496002197266,143.92506408691406,115.22456359863281,120.4753646850586,115.3022232055664
120.20368194580078,35.80729675292969,143.65272521972656,35.729496002197266,143.92506408691406,115.22456359863281,120.4753646850586,115.3022232055664
120.20368194580078,35.80729675292969,143.65272521972656,35.729496002197266,143.92506408691406,115.22456359863281,120.4753646850586,115.3022232055664
120.20368194580078,35.80729675292969,143.65272521972656,35.729496002197266,143.92506408691406,115.22456359863281,120.4753646850586,115.3022232055664
120.20368194580078,35.80729675292969,143.65272521972656,35.729496002197266,143.92506408691406,115.22456359863281,120.4753646850586,115.3022232055664
120.20368194580078,35.80729675292969,143.65272521972656,35.729496002197266,143.92506408691406,115.22456359863281,120.4753646850586,115.3022232055664
120.20368194580078,35.80729675292969,143.65272521972656,35.729496002197266,143.92506408691406,115.22456359863281,120.4753646850586,115.3022232055664
120.20368194580078,35.80729675292969,143.65272521972656,35.729496002197266,143.92506408691406,115.22456359863281,120.4753646850586,115.3022232055664
120.20368194580078,35.80729675292969,143.65272521972656,35.729496002197266,143.92506408691406,115.22456359863281,120.4753646850586,115.3022232055664
120.20368194580078,35.80729675292969,143.65272521972656,35.729496002197266,143.92506408691406,115.22456359863281,120.4753646850586,115.3022232055664
120.20368194580078,35.80729675292969,143.65272521972656,35.729496002197266,143.92506408691406,115.22456359863281,120.4753646850586,115.3022232055664
120.20368194580078,35.80729675292969,143.65272521972656,35.729496002197266,143.92506408691406,115.22456359863281,120.4753646850586,115.3022232055664
120.20368194580078,35.80729675292969,143.65272521972656,35.729496002197266,143.92506408691406,115.22456359863281,120.4753646850586,115.3022232055664
120.20368194580078,35.80729675292969,143.65272521972656,35.729496002197266,143.92506408691406,115.22456359863281,120.4753646850586,115.3022232055664
120.20368194580078,35.80729675292969,143.65272521972656,35.729496002197266,143.92506408691406,115.22456359863281,120.4753646850586,115.3022232055664
120.20368194580078,35.80729675292969,143.65272521972656,35.729496002197266,143.92506408691406,115.22456359863281,120.4753646850586,115.3022232055664
120.20368194580078,35.80729675292969,143.65272521972656,35.729496002197266,143.92506408691406,115.22456359863281,120.4753646850586,115.3022232055664
120.20368194580078,35.80729675292969,143.65272521972656,35.729496002197266,143.92506408691406,115.22456359863281,120.4753646850586,115.3022232055664
120.20368194580078,35.80729675292969,143.65272521972656,35.729496002197266,143.92506408691406,115.22456359863281,120.4753646850586,115.3022232055664
120.20368194580078,35.80729675292969,143.65272521972656,35.729496002197266,143.92506408691406,115.22456359863281,120.4753646850586,115.3022232055664
120.20368194580078,35.80729675292969,143.65272521972656,35.729496002197266,143.92506408691406,115.22456359863281,120.4753646850586,115.3022232055664
120.20368194580078,35.80729675292969,143.65272521972656,35.729496002197266,143.92506408691406,115.22456359863281,120.4753646850586,115.3022232055664
120.20368194580078,35.80729675292969,143.65272521972656,35.729496002197266,143.92506408691406,115.22456359863281,120.4753646850586,115.3022232055664
120.20368194580078,35.80729675292969,143.65272521972656,35.729496002197266,143.92506408691406,115.22456359863281,120.4753646850586,115.3022232055664
120.20368194580078,35.80729675292969,143.65272521972656,35.729496002197266,143.92506408691406,115.22456359863281,120.4753646850586,115.3022232055664
