278.2608695652174,208.695652173913,361.7391304347826,271.304347826087
278.2608695652174,208.695652173913,361.7391304347826,271.304347826087
278.2608695652174,208.695652173913,361.7391304347826,271.304347826087
278.2608695652174,208.695652173913,361.7391304347826,271.304347826087
278.2608695652174,208.695652173913,361.7391304347826,271.304347826087
278.2608695652174,208.695652173913,361.7391304347826,271.304347826087
278.2608695652174,208.695652173913,361.7391304347826,271.304347826087
278.2608695652174,208.695652173913,361.7391304347826,271.304347826087
278.2608695652174,208.695652173913,361.7391304347826,271.304347826087
278.2608695652174,208.695652173913,361.7391304347826,271.304347826087
278.2608695652174,208.695652173913,361.7391304347826,271.304347826087
278.2608695652174,208.695652173913,361.7391304347826,271.304347826087
278.2608695652174,208.695652173913,361.7391304347826,271.304347826087
278.2608695652174,208.695652173913,361.7391304347826,271.304347826087
278.2608695652174,208.695652173913,361.7391304347826,271.304347826087
278.2608695652174,208.695652173913,361.7391304347826,271.304347826087
278.2608695652174,208.695652173913,361.7391304347826,271.304347826087
278.2608695652174,208.695652173913,361.7391304347826,271.304347826087
278.2608695652174,208.695652173913,361.7391304347826,271.304347826087
278.2608695652174,208.695652173913,361.7391304347826,271.304347826087
278.2608695652174,208.695652173913,361.7391304347826,271.304347826087
278.2608695652174,208.695652173913,361.7391304347826,271.304347826087
278.2608695652174,208.695652173913,361.7391304347826,271.304347826087
278.2608695652174,208.695652173913,361.7391304347826,271.304347826087
278.2608695652174,208.695652173913,361.7391304347826,271.304347826087
278.2608695652174,208.695652173913,361.7391304347826,271.304347826087
278.2608695652174,208.695652173913,361.7391304347826,271.304347826087
278.2608695652174,208.695652173913,361.7391304347826,271.304347826087
278.2608695652174,208.695652173913,361.7391304347826,271.304347826087
278.2608695652174,208.695652173913,361.7391304347826,271.304347826087
278.2608695652174,208.695652173913,361.7391304347826,271.304347826087
278.2608695652174,208.695652173913,361.7391304347826,271.304347826087
278.2608695652174,208.695652173913,361.7391304347826,271.304347826087
278.2608695652174,208.695652173913,361.7391304347826,271.304347826087
278.2608695652174,208.695652173913,361.7391304347826,271.304347826087
278.2608695652174,208.695652173913,361.7391304347826,271.304347826087
278.2608695652174,208.695652173913,361.7391304347826,271.304347826087
278.2608695652174,208.695652173913,361.7391304347826,271.304347826087
278.2608695652174,208.695652173913,361.7391304347826,271.304347826087
278.2608695652174,208.695652173913,361.7391304347826,271.304347826087
278.2608695652174,208.695652173913,361.7391304347826,271.304347826087
278.2608695652174,208.695652173913,361.7391304347826,271.304347826087
278.2608695652174,208.695652173913,361.7391304347826,271.304347826087
278.2608695652174,208.695652173913,361.7391304347826,271.304347826087
278.2608695652174,208.695652173913,361.7391304347826,271.304347826087
278.2608695652174,208.695652173913,361.7391304347826,271.304347826087
278.2608695652174,208.695652173913,361.7391304347826,271.304347826087
278.2608695652174,208.695652173913,361.7391304347826,271.304347826087
278.2608695652174,208.695652173913,361.7391304347826,271.304347826087
278.2608695652174,208.695652173913,361.7391304347826,271.304347826087
278.2608695652174,208.695652173913,361.7391304347826,271.304347826087
278.2608695652174,208.695652173913,361.7391304347826,271.304347826087
278.2608695652174,208.695652173913,361.7391304347826,271.304347826087
278.2608695652174,208.695652173913,361.7391304347826,271.304347826087
278.2608695652174,208.695652173913,361.7391304347826,271.304347826087
278.2608695652174,208.695652173913,361.7391304347826,271.304347826087
278.2608695652174,208.695652173913,361.7391304347826,271.304347826087
278.2608695652174,208.695652173913,361.7391304347826,271.304347826087
278.2608695652174,208.695652173913,361.7391304347826,271.304347826087
278.2608695652174,208.695652173913,361.7391304347826,271.304347826087
278.2608695652174,208.695652173913,361.7391304347826,271.304347826087
278.2608695652174,208.695652173913,361.7391304347826,271.304347826087
278.2608695652174,208.695652173913,361.7391304347826,271.304347826087
278.2608695652174,208.695652173913,361.7391304347826,271.304347826087
278.2608695652174,208.695652173913,361.7391304347826,271.304347826087
278.2608695652174,208.695652173913,361.7391304347826,271.304347826087
278.2608695652174,208.695652173913,361.7391304347826,271.304347826087
278.2608695652174,208.695652173913,361.7391304347826,271.304347826087
278.2608695652174,208.695652173913,361.7391304347826,271.304347826087
278.2608695652174,208.695652173913,361.7391304347826,271.304347826087
278.2608695652174,208.695652173913,361.7391304347826,271.304347826087
278.2608695652174,208.695652173913,361.7391304347826,271.304347826087
278.2608695652174,208.695652173913,361.7391304347826,271.304347826087
278.2608695652174,208.695652173913,361.7391304347826,271.304347826087
278.2608695652174,208.695652173913,361.7391304347826,271.304347826087
278.2608695652174,208.695652173913,361.7391304347826,271.304347826087
278.2608695652174,208.695652173913,361.7391304347826,271.304347826087
278.2608695652174,208.695652173913,361.7391304347826,271.304347826087
278.2608695652174,208.695652173913,361.7391304347826,271.304347826087
278.2608695652174,208.695652173913,361.7391304347826,271.304347826087
278.2608695652174,208.695652173913,361.7391304347826,271.304347826087
278.2608695652174,208.695652173913,361.7391304347826,271.304347826087
278.2608695652174,208.695652173913,361.7391304347826,271.304347826087
278.2608695652174,208.695652173913,361.7391304347826,271.304347826087
278.2608695652174,208.695652173913,361.7391304347826,271.304347826087
278.2608695652174,208.695652173913,361.7391304347826,271.304347826087
278.2608695652174,208.695652173913,361.7391304347826,271.304347826087
278.2608695652174,208.695652173913,361.7391304347826,271.304347826087
278.2608695652174,208.695652173913,361.7391304347826,271.304347826087
278.2608695652174,208.695652173913,361.7391304347826,271.304347826087
278.2608695652174,208.695652173913,361.7391304347826,271.304347826087
278.2608695652174,208.695652173913,361.7391304347826,271.304347826087
278.2608695652174,208.695652173913,361.7391304347826,271.304347826087
278.2608695652174,208.695652173913,361.7391304347826,271.304347826087
278.2608695652174,208.695652173913,361.7391304347826,271.304347826087
278.2608695652174,208.695652173913,361.7391304347826,271.304347826087
278.2608695652174,208.695652173913,361.7391304347826,271.304347826087
278.2608695652174,208.695652173913,361.7391304347826,271.304347826087
278.2608695652174,208.695652173913,361.7391304347826,271.304347826087
278.2608695652174,208.695652173913,361.7391304347826,271.304347826087
278.2608695652174,208.695652173913,361.7391304347826,271.304347826087
278.2608695652174,208.695652173913,361.7391304347826,271.304347826087
278.2608695652174,208.695652173913,361.7391304347826,271.304347826087
278.2608695652174,208.695652173913,361.7391304347826,271.304347826087
278.2608695652174,208.695652173913,361.7391304347826,271.304347826087
278.2608695652174,208.695652173913,361.7391304347826,271.304347826087
278.2608695652174,208.695652173913,361.7391304347826,271.304347826087
278.2608695652174,208.695652173913,361.7391304347826,271.304347826087
278.2608695652174,208.695652173913,361.7391304347826,271.304347826087
278.2608695652174,208.695652173913,361.7391304347826,271.304347826087
278.2608695652174,208.695652173913,361.7391304347826,271.304347826087
278.2608695652174,208.695652173913,361.7391304347826,271.304347826087
278.2608695652174,208.695652173913,361.7391304347826,271.304347826087
278.2608695652174,208.695652173913,361.7391304347826,271.304347826087
278.2608695652174,208.695652173913,361.7391304347826,271.304347826087
278.2608695652174,208.695652173913,361.7391304347826,271.304347826087
278.2608695652174,208.695652173913,361.7391304347826,271.304347826087
278.2608695652174,208.695652173913,361.7391304347826,271.304347826087
278.2608695652174,208.695652173913,361.7391304347826,271.304347826087
278.2608695652174,208.695652173913,361.7391304347826,271.304347826087
278.2608695652174,208.695652173913,361.7391304347826,271.304347826087
278.2608695652174,208.695652173913,361.7391304347826,271.304347826087
278.2608695652174,208.695652173913,361.7391304347826,271.304347826087
278.2608695652174,208.695652173913,361.7391304347826,271.304347826087
278.2608695652174,208.695652173913,361.7391304347826,271.304347826087
278.2608695652174,208.695652173913,361.7391304347826,271.304347826087
278.2608695652174,208.695652173913,361.7391304347826,271.304347826087
278.2608695652174,208.695652173913,361.7391304347826,271.304347826087
278.2608695652174,208.695652173913,361.7391304347826,271.304347826087
278.2608695652174,208.695652173913,361.7391304347826,271.304347826087
278.2608695652174,208.695652173913,361.7391304347826,271.304347826087
278.2608695652174,208.695652173913,361.7391304347826,271.304347826087
278.2608695652174,208.695652173913,361.7391304347826,271.304347826087
278.2608695652174,208.695652173913,361.7391304347826,271.304347826087
278.2608695652174,208.695652173913,361.7391304347826,271.304347826087
278.2608695652174,208.695652173913,361.7391304347826,271.304347826087
278.2608695652174,208.695652173913,361.7391304347826,271.304347826087
278.2608695652174,208.695652173913,361.7391304347826,271.304347826087
278.2608695652174,208.695652173913,361.7391304347826,271.304347826087
278.2608695652174,208.695652173913,361.7391304347826,271.304347826087
278.2608695652174,208.695652173913,361.7391304347826,271.304347826087
278.2608695652174,208.695652173913,361.7391304347826,271.304347826087
278.2608695652174,208.695652173913,361.7391304347826,271.304347826087
278.2608695652174,208.695652173913,361.7391304347826,271.304347826087
278.2608695652174,208.695652173913,361.7391304347826,271.304347826087
278.2608695652174,208.695652173913,361.7391304347826,271.304347826087
278.2608695652174,208.695652173913,361.7391304347826,271.304347826087
278.2608695652174,208.695652173913,361.7391304347826,271.304347826087
278.2608695652174,208.695652173913,361.7391304347826,271.304347826087
278.2608695652174,208.695652173913,361.7391304347826,271.304347826087
278.2608695652174,208.695652173913,361.7391304347826,271.304347826087
278.2608695652174,208.695652173913,361.7391304347826,271.304347826087
278.2608695652174,208.695652173913,361.7391304347826,271.304347826087
278.2608695652174,208.695652173913,361.7391304347826,271.304347826087
278.2608695652174,208.695652173913,361.7391304347826,271.304347826087
278.2608695652174,208.695652173913,361.7391304347826,271.304347826087
